Image,target
508.jpg,kathakali
246.jpg,kathakali
473.jpg,kathakali
485.jpg,bharatanatyam
128.jpg,bharatanatyam
410.jpg,bharatanatyam
465.jpg,bharatanatyam
196.jpg,bharatanatyam
340.jpg,bharatanatyam
467.jpg,kuchipudi
306.jpg,bharatanatyam
171.jpg,bharatanatyam
323.jpg,bharatanatyam
332.jpg,kathakali
330.jpg,bharatanatyam
170.jpg,bharatanatyam
479.jpg,bharatanatyam
9.jpg,bharatanatyam
283.jpg,bharatanatyam
114.jpg,bharatanatyam
507.jpg,bharatanatyam
183.jpg,bharatanatyam
200.jpg,bharatanatyam
457.jpg,bharatanatyam
264.jpg,kathakali
194.jpg,kathakali
518.jpg,kathakali
175.jpg,kathakali
64.jpg,kathakali
152.jpg,kathakali
270.jpg,kathakali
125.jpg,bharatanatyam
38.jpg,kathakali
440.jpg,kathakali
302.jpg,kathakali
394.jpg,kathakali
448.jpg,kathakali
463.jpg,kathakali
20.jpg,kathakali
301.jpg,kathakali
28.jpg,kathakali
61.jpg,kathakali
398.jpg,kathakali
349.jpg,kathakali
271.jpg,kathakali
286.jpg,kathakali
431.jpg,bharatanatyam
316.jpg,mohiniyattam
224.jpg,mohiniyattam
411.jpg,bharatanatyam
278.jpg,bharatanatyam
456.jpg,mohiniyattam
45.jpg,bharatanatyam
324.jpg,mohiniyattam
6.jpg,kathak
59.jpg,mohiniyattam
86.jpg,mohiniyattam
470.jpg,bharatanatyam
374.jpg,kuchipudi
132.jpg,kuchipudi
216.jpg,mohiniyattam
95.jpg,bharatanatyam
17.jpg,mohiniyattam
162.jpg,bharatanatyam
346.jpg,mohiniyattam
439.jpg,bharatanatyam
232.jpg,bharatanatyam
150.jpg,kuchipudi
401.jpg,kuchipudi
145.jpg,kathakali
23.jpg,bharatanatyam
514.jpg,kuchipudi
193.jpg,bharatanatyam
416.jpg,kathakali
447.jpg,bharatanatyam
220.jpg,bharatanatyam
505.jpg,kathakali
147.jpg,kathakali
210.jpg,kuchipudi
40.jpg,kathakali
284.jpg,sattriya
55.jpg,kathakali
378.jpg,bharatanatyam
520.jpg,kuchipudi
484.jpg,kuchipudi
112.jpg,bharatanatyam
360.jpg,odissi
317.jpg,bharatanatyam
71.jpg,bharatanatyam
202.jpg,kuchipudi
92.jpg,bharatanatyam
11.jpg,kuchipudi
67.jpg,bharatanatyam
138.jpg,kuchipudi
506.jpg,kathakali
146.jpg,bharatanatyam
318.jpg,bharatanatyam
198.jpg,kuchipudi
375.jpg,bharatanatyam
41.jpg,bharatanatyam
421.jpg,bharatanatyam
129.jpg,kuchipudi
14.jpg,bharatanatyam
460.jpg,bharatanatyam
34.jpg,kuchipudi
380.jpg,bharatanatyam
238.jpg,bharatanatyam
392.jpg,bharatanatyam
80.jpg,kuchipudi
517.jpg,kuchipudi
13.jpg,kuchipudi
189.jpg,kuchipudi
390.jpg,bharatanatyam
487.jpg,bharatanatyam
438.jpg,bharatanatyam
482.jpg,kathakali
206.jpg,odissi
217.jpg,kathakali
285.jpg,odissi
385.jpg,bharatanatyam
495.jpg,kuchipudi
269.jpg,bharatanatyam
429.jpg,bharatanatyam
291.jpg,odissi
461.jpg,kuchipudi
256.jpg,bharatanatyam
48.jpg,kuchipudi
290.jpg,kathakali
437.jpg,odissi
498.jpg,kathakali
173.jpg,kuchipudi
280.jpg,bharatanatyam
119.jpg,bharatanatyam
363.jpg,bharatanatyam
97.jpg,bharatanatyam
414.jpg,kathakali
386.jpg,bharatanatyam
424.jpg,kuchipudi
157.jpg,bharatanatyam
33.jpg,bharatanatyam
354.jpg,kuchipudi
57.jpg,bharatanatyam
108.jpg,bharatanatyam
239.jpg,bharatanatyam
441.jpg,kathakali
215.jpg,kathakali
373.jpg,bharatanatyam
292.jpg,kuchipudi
110.jpg,bharatanatyam
510.jpg,kathakali
275.jpg,kathakali
366.jpg,bharatanatyam
226.jpg,kathakali
35.jpg,kathakali
458.jpg,kathakali
358.jpg,kathakali
